provider_name,agency_address,policy_number,insured_amount
Rhoncus Ltd,"P.O. Box 272, 3626 Ipsum. Rd.",PPC-25339,7621.87
Nisl Associates,"6518 Vel, Avenue",BEQ-36553,5797.59
Molestie Sodales Mauris Foundation,Ap #895-4792 Adipiscing Avenue,OFP-44423,7348.48
Tempor Est PC,939-8183 Tincidunt Street,EPC-88886,9061.51
Amet Risus Donec LLP,8260 Non Ave,BBZ-91853,1510.25
Class Aptent Taciti LLC,920-4864 Dui Rd.,HAT-56239,5377.74
Sed Eget Lacus Corporation,2001 Proin Road,JAP-62320,1142.04
Egestas Inc.,Ap #837-6013 Magna Rd.,YKM-99720,9991.09
A Sollicitudin Ltd,"Ap #879-9593 Et, Ave",YQH-02260,8464.99
Lacus Pede Sagittis Industries,"777-7969 Eget, Avenue",IMI-13143,6451.29
Tristique Neque Institute,"P.O. Box 151, 4180 Pellentesque. Avenue",NBP-16496,7764.57
Turpis Non Consulting,"P.O. Box 680, 830 Dolor. Rd.",RIX-23499,7416.96
Ante Vivamus Industries,2289 Erat Rd.,IHE-19394,7961.66
Lorem Corp.,"P.O. Box 375, 3622 Ligula. Street",QVK-10550,6247.23
Eu Nibh LLC,813-2568 Magna Av.,CRC-33910,4778.72
Nulla Donec Non Ltd,1464 Egestas Av.,NAK-53252,9170.80
Metus PC,Ap #383-3969 Tempus St.,GBR-65396,4230.96
Mollis Nec Cursus Institute,Ap #178-862 Magna Ave,XYA-65349,5136.21
Fusce Mollis Limited,"P.O. Box 161, 1462 A Ave",UWZ-55846,4733.09
Donec Dignissim Magna Inc.,Ap #732-6101 Et Street,XPQ-41267,1491.18
Tincidunt Neque Vitae Company,6524 Tristique St.,WXN-96622,8141.29
In Cursus Corp.,"P.O. Box 629, 9336 Fames Av.",THL-15828,4115.76
Tempor Erat Neque Incorporated,"P.O. Box 317, 374 Curabitur Street",PSY-42037,3160.66
Nec LLP,Ap #751-5036 Interdum Ave,SIX-54735,6912.51
Pede Praesent Eu PC,Ap #177-6802 Neque. Rd.,AMS-47447,7234.88
Tempus Scelerisque Institute,"P.O. Box 780, 9863 Amet Road",UCL-41802,8321.34
Nunc Mauris Morbi Associates,Ap #402-9782 Dolor Avenue,UCW-05590,4663.23
Facilisi Sed Neque Company,267-7596 Justo Road,PLT-97141,8302.65
Tincidunt Ltd,"P.O. Box 944, 5504 Erat, Street",UAC-70652,3617.93
In Lobortis Tellus Corp.,940-4344 Accumsan Road,WSO-43364,6301.58
Morbi LLP,Ap #247-4244 Neque Street,EII-17644,8629.33
Dictum Cursus Consulting,Ap #714-3408 Nam Street,OXE-17957,1523.85
Nec Tellus Nunc Ltd,269-2283 Libero Street,VIG-44617,7957.19
Donec Est Nunc LLC,931-7298 Aliquam Avenue,CGV-15206,6372.65
Libero Industries,"P.O. Box 509, 9665 Vivamus St.",HTW-10453,2620.62
Sit Amet Dapibus Associates,"P.O. Box 587, 4545 Sem Avenue",MVX-90499,5657.13
Lorem Ipsum Dolor Incorporated,"P.O. Box 554, 4588 Vitae St.",FIJ-44301,4557.75
Phasellus Dolor Company,Ap #360-3972 Curabitur Av.,SMM-77485,9266.73
Mauris Ipsum Corp.,855-6699 Cubilia Street,DIO-68011,9315.66
Aenean Associates,Ap #264-250 Commodo Avenue,ASG-67188,5180.97
Orci Institute,676-743 Erat Rd.,KHC-19850,8042.94
Netus Corp.,5218 Integer St.,AZU-38085,4983.99
Tellus Phasellus Elit Company,"P.O. Box 576, 8061 Libero. Road",SMV-09324,7826.24
Luctus Ipsum Leo LLC,Ap #796-5651 Mus. Ave,SUM-18040,2184.77
Donec Incorporated,4273 Cras Rd.,SBO-19825,9265.00
Semper Cursus Integer Consulting,Ap #531-1857 Parturient Street,TDJ-05336,6094.66
In Company,Ap #669-5939 Dictum Av.,VAP-72207,5823.63
Amet Ultricies Corp.,"P.O. Box 963, 4441 Consectetuer Rd.",MKA-12712,8178.11
Quisque Varius Nam Ltd,Ap #356-7938 Donec Av.,MCB-04288,6022.47
Vulputate Nisi Sem Inc.,461-5058 Turpis St.,CCV-40307,8132.93
Sit Amet Nulla Consulting,Ap #671-1962 Sit Road,NNX-37812,5019.08
Dolor Foundation,234-778 Sed Rd.,NKN-62188,8995.43
Tellus Foundation,1512 Faucibus. St.,XWI-85181,2384.49
Sed Industries,681-7993 Amet St.,OLF-58150,2630.84
Ac Nulla PC,Ap #742-110 Duis Street,SZF-97252,2265.20
Nulla Vulputate Incorporated,939-8084 Quam. Avenue,OBB-18154,7277.64
Ac Orci Ltd,977-3182 Pede. St.,ZJZ-48142,5793.56
Mauris Eu Limited,"P.O. Box 640, 3880 Tincidunt Av.",CUR-09511,5881.11
Morbi PC,"P.O. Box 262, 9540 Proin Rd.",WSC-98755,8927.82
Maecenas Malesuada Fringilla PC,4863 Metus Rd.,YHH-19270,2745.82
Senectus Et Netus Ltd,9653 Mi Av.,LQH-09638,7539.42
Ornare Fusce Company,730-5697 Aliquam Ave,JMC-25758,4696.04
Ornare Placerat LLP,4044 Proin Rd.,ZQZ-69174,7857.77
Eget Venenatis A LLC,Ap #227-881 Et St.,QNH-40493,7812.84
Proin Nisl Limited,"P.O. Box 820, 1890 Parturient Av.",GAM-79548,2627.98
Vivamus Euismod Urna Associates,"Ap #222-7282 Purus, Ave",VIB-04612,5671.81
Dui Suspendisse Ac Limited,7017 Consequat Rd.,VQG-74665,3319.95
Fermentum Metus Ltd,Ap #505-738 Sed Av.,EGB-75364,4014.15
Metus Foundation,519-7382 Cras Road,GFH-92846,9552.08
Feugiat Associates,870-1137 Porttitor Ave,ZML-56505,8472.57
Pede PC,"P.O. Box 490, 7213 Lorem Avenue",ZWU-66979,6990.57
Egestas A Scelerisque Industries,"P.O. Box 833, 5944 Vestibulum Avenue",UNK-53901,3072.28
Duis Gravida Consulting,"P.O. Box 986, 1999 Tincidunt. Rd.",DHQ-92252,6602.31
Sed Est Nunc Ltd,Ap #640-1855 Eleifend. Ave,EKP-43014,3482.71
Dui Nec Associates,700-7620 Ipsum Street,GTU-61086,9296.10
Eu Eleifend Corp.,"136-4926 Nec, Rd.",PWH-25107,7465.09
At Auctor Limited,424-9103 Sed Street,FVZ-56056,6194.75
Ante Ltd,566-806 Nulla. Avenue,TVH-83740,6532.46
Turpis Corporation,Ap #624-6179 Eu Ave,MLS-33984,7004.46
Ac Mi Eleifend Institute,"P.O. Box 454, 5668 Dolor, St.",MYZ-63234,2170.57
Bibendum Incorporated,"P.O. Box 809, 3831 Nam Rd.",EVH-25215,1937.22
Nunc Interdum Feugiat Corporation,652-5001 Dui. Ave,BEH-12340,8557.06
Proin Limited,3897 Faucibus Rd.,XJQ-87680,7964.66
Velit Institute,7465 Ut St.,RRD-70171,1499.37
Nunc Incorporated,"P.O. Box 665, 1079 Fermentum Rd.",QLY-79156,3462.17
Placerat Augue Sed LLC,"P.O. Box 921, 2945 Auctor Av.",TOE-19178,7351.08
Urna Industries,"P.O. Box 138, 2473 Magnis St.",VJO-24927,3518.67
Commodo Tincidunt Company,1172 Sed Rd.,DRJ-38869,6942.49
Pharetra Inc.,754-9541 Ipsum Ave,UKY-88243,6287.79
Nisi Aenean Eget Corporation,"4103 Non, Rd.",RLK-08021,9744.79
Nullam Lobortis Quam PC,Ap #223-6322 Sed Avenue,KKT-75494,2240.01
Volutpat PC,237-926 Integer Rd.,UNQ-41375,5260.64
Mauris Aliquam Incorporated,"P.O. Box 331, 277 Curae; Rd.",MXV-31251,7033.95
Interdum LLP,Ap #446-2459 Convallis Road,PJR-57110,7520.99
Donec Porttitor Institute,8643 Sed St.,FUV-50979,9746.29
Non Corp.,Ap #670-1945 Nullam Av.,JLT-63558,9198.90
Congue Elit Foundation,"P.O. Box 216, 2615 Ac Rd.",HLA-38556,4692.71
Elit Sed Foundation,624-9172 Magna St.,WIP-65320,5806.33
Erat Volutpat Nulla LLC,1587 Rhoncus St.,VEW-19582,9375.30
Tincidunt Foundation,Ap #901-5786 Duis St.,XZQ-52506,2926.37